,Model,Train Set Accuracy,Test Set Accuracy
0,200 features,0.9539925965097832,0.9131736526946108
1,300 features,0.9592808038075092,0.9401197604790419
2,400 features,0.9672131147540983,0.937125748502994
