,Model,Train Set Accuracy,Test Set Accuracy
0,200 features,0.9576943416181914,0.9161676646706587
1,300 features,0.9598096245372819,0.9401197604790419
2,400 features,0.9624537281861449,0.9221556886227545
