,Model,Train Set Accuracy,Test Set Accuracy
0,200 features,0.9725013220518244,0.9191616766467066
1,300 features,0.9857218402961396,0.9401197604790419
2,400 features,0.9873083024854574,0.9520958083832335
