,Model,Train Set Accuracy,Test Set Accuracy
0,Normal,0.9592808038075092,0.9401197604790419
1,without text normalization,0.9603384452670545,0.9251497005988024
2,without lemmatization,0.9624537281861449,0.9281437125748503
3,without stopword removal,0.9481755684822845,0.8802395209580839
