,Model,Training Set Accuracy,Test Set Accuracy
0,KNN,0.9598096245372819,0.9401197604790419
