,Model,Training Set Accuracy,Test Set Accuracy
0,SVM,0.9592808038075092,0.9401197604790419
